"lon","lat","mean_elev","sd_elev"
-97.5,26.6197185516357,-3.81234258113254,15.8705519846457
-82.5,27.8873233795166,10.4917220711485,15.6162978633824
-100,29.1549301147461,315.110303322475,109.10761613355
-97.5,29.1549301147461,96.2155383112122,34.8561817327294
-82.5,29.1549301147461,15.2254369618162,11.9538129192919
-102.5,30.422534942627,959.25500153235,183.821895502324
-100,30.422534942627,662.576275340499,49.4331739993807
-97.5,30.422534942627,189.441313178076,63.2695812207973
-95,30.422534942627,49.8403348086249,30.1873380340283
-92.5,30.422534942627,12.7735995860711,10.8603808526851
-90,30.422534942627,19.3653795363704,25.1367892408055
-87.5,30.422534942627,7.02181858106581,31.5773361642235
-85,30.422534942627,30.5915841380872,21.9814463775225
-82.5,30.422534942627,36.6549598628191,9.32543738050324
-110,31.6901416778564,1401.85645062917,183.780599091561
-105,31.6901416778564,1366.12580437539,221.115185244186
-102.5,31.6901416778564,858.203403501537,74.7795955098064
-100,31.6901416778564,575.060430328675,58.8571921189693
-97.5,31.6901416778564,232.771148691495,64.5162923600015
-95,31.6901416778564,108.768604429505,29.0360995962164
-92.5,31.6901416778564,41.5839932810043,17.51417409868
-90,31.6901416778564,109.061116319802,24.7329386996225
-87.5,31.6901416778564,64.5824319703853,33.9868790127858
-85,31.6901416778564,98.4945572417881,31.4878187615017
-82.5,31.6901416778564,52.8136559350336,16.4809688618957
-115,32.9577445983887,142.627523675771,156.694984324952
-112.5,32.9577445983887,432.271917459749,172.724308449597
-110,32.9577445983887,1357.33888999114,370.068968547435
-107.5,32.9577445983887,1721.34903245858,365.59682182083
-105,32.9577445983887,1537.90084942733,309.822722725803
-102.5,32.9577445983887,1019.19062902404,67.6634943272536
-100,32.9577445983887,523.042608391569,52.4234389421152
-97.5,32.9577445983887,246.48801244553,53.2993853817492
-95,32.9577445983887,112.753243328877,22.2859047769406
-92.5,32.9577445983887,49.811435865449,21.83796301222
-90,32.9577445983887,84.7144180465377,31.388707500633
-87.5,32.9577445983887,89.15394686962,40.9501556737931
-85,32.9577445983887,224.985378922566,51.4664869016701
-82.5,32.9577445983887,101.135050342758,29.1153292870683
-80,32.9577445983887,5.75854192953256,12.1588713718665
-117.5,34.2253532409668,817.691811461805,506.867735298123
-115,34.2253532409668,435.825897007964,218.314314800919
-112.5,34.2253532409668,1143.33098445129,423.916187189092
-110,34.2253532409668,1953.05736649433,337.634178942448
-107.5,34.2253532409668,2111.8397413204,257.99018482559
-105,34.2253532409668,1604.26274454373,194.0752517001
-102.5,34.2253532409668,1152.71917373298,59.1814532505204
-100,34.2253532409668,503.612992075441,57.3008366424949
-97.5,34.2253532409668,285.571932891308,42.3348583832996
-95,34.2253532409668,219.618200766736,106.413984568167
-92.5,34.2253532409668,88.2920467822609,36.1191946401382
-90,34.2253532409668,76.5513553187656,29.3013278187073
-87.5,34.2253532409668,198.501561094491,45.3555420514419
-85,34.2253532409668,284.956701294738,73.7924611929835
-82.5,34.2253532409668,179.74093568844,43.4613242244742
-80,34.2253532409668,52.737778054422,32.2161188218993
-120,35.4929580688477,435.724526365703,274.108276244953
-117.5,35.4929580688477,904.046297268874,278.264531500795
-115,35.4929580688477,918.625786868997,372.971231721203
-112.5,35.4929580688477,1804.35501056651,167.267340451665
-110,35.4929580688477,1828.42158239609,138.401690868919
-107.5,35.4929580688477,2085.54890572096,219.374681373639
-105,35.4929580688477,1894.77322395514,279.360495163581
-102.5,35.4929580688477,1161.4535304769,79.8697026678423
-100,35.4929580688477,684.271787350531,79.9493573224921
-97.5,35.4929580688477,345.730078700948,35.165533393567
-95,35.4929580688477,215.944107500472,69.7705124113006
-92.5,35.4929580688477,241.590390677783,126.789572156206
-90,35.4929580688477,79.0255770516732,16.8484017951603
-87.5,35.4929580688477,230.152258907835,46.9845884315305
-85,35.4929580688477,375.102560212256,147.634435212551
-82.5,35.4929580688477,732.243933171409,303.122039641873
-80,35.4929580688477,176.053741590989,49.3337939483016
-77.5,35.4929580688477,20.2172045883167,12.2300286831941
-120,36.7605628967285,135.25449319866,155.11593767172
-117.5,36.7605628967285,1271.09020804939,588.21229767002
-115,36.7605628967285,1108.89823168172,403.822704347166
-112.5,36.7605628967285,1795.21661066783,375.598708125894
-110,36.7605628967285,1729.19540762008,255.924289184474
-107.5,36.7605628967285,2059.91990286331,152.876493810449
-105,36.7605628967285,2499.63204896948,472.238630237555
-102.5,36.7605628967285,1259.50240658828,98.2359364939727
-100,36.7605628967285,690.410023423982,76.4325239453189
-97.5,36.7605628967285,337.2827221442,30.4408936924844
-95,36.7605628967285,259.697952962708,36.0107592624694
-92.5,36.7605628967285,322.27734919542,79.9776038679617
-90,36.7605628967285,106.626523866396,29.275616493617
-87.5,36.7605628967285,164.861316973288,27.3033113372006
-85,36.7605628967285,321.648731046091,85.8262981446326
-82.5,36.7605628967285,576.629984944504,150.371529126935
-80,36.7605628967285,382.493582503292,194.366060199916
-77.5,36.7605628967285,48.4783839311224,29.3659776393669
-122.5,38.0281677246094,108.029187543005,151.320533742293
-120,38.0281677246094,1561.83889713957,808.656481929347
-117.5,38.0281677246094,1729.24291845827,242.140447681972
-115,38.0281677246094,1725.56300837767,235.476612967172
-112.5,38.0281677246094,2290.86440684556,385.470407945709
-110,38.0281677246094,1745.77796525386,334.454042871794
-107.5,38.0281677246094,3027.62541156183,527.813421895902
-105,38.0281677246094,2113.80923142583,515.922097043114
-102.5,38.0281677246094,1203.35053836737,85.4022717373698
-100,38.0281677246094,754.188235055262,57.7861914748729
-97.5,38.0281677246094,438.733812045295,26.507740144663
-95,38.0281677246094,290.486332821014,26.761955653475
-92.5,38.0281677246094,281.861267701154,53.3934669010828
-90,38.0281677246094,173.027030249309,53.2523912988016
-87.5,38.0281677246094,129.336264266973,14.5593267111977
-85,38.0281677246094,243.908877121957,34.9746212939981
-82.5,38.0281677246094,281.553138237259,74.3541795927039
-80,38.0281677246094,759.506426023409,236.600101898569
-77.5,38.0281677246094,62.4066528953823,34.0529984554877
-122.5,39.2957763671875,308.132610994906,294.068296284587
-120,39.2957763671875,1863.59854649416,337.790690594752
-117.5,39.2957763671875,1968.72430591487,344.632781903045
-115,39.2957763671875,2153.52835408381,292.62902486544
-112.5,39.2957763671875,1611.71471068421,300.341710092912
-110,39.2957763671875,1880.46988965787,426.940613531975
-107.5,39.2957763671875,2543.50239232381,480.881458320895
-105,39.2957763671875,2228.26148019336,414.383986454515
-102.5,39.2957763671875,1301.24139755455,89.5535706173887
-100,39.2957763671875,737.46818397357,61.3641038002077
-97.5,39.2957763671875,413.394101686622,33.2227739976305
-95,39.2957763671875,292.181825255107,30.4067786951696
-92.5,39.2957763671875,230.932195374769,24.4581761030918
-90,39.2957763671875,180.184356117143,19.8486950782414
-87.5,39.2957763671875,171.3462841715,24.9544320948415
-85,39.2957763671875,267.148822900605,44.0883837902884
-82.5,39.2957763671875,250.146987107084,37.4165060751502
-80,39.2957763671875,528.21452892034,187.980853392046
-77.5,39.2957763671875,160.733377250598,78.2014446008569
-75,39.2957763671875,6.65105658627144,15.9556906858353
-122.5,40.5633811950684,449.500466064883,337.928050419126
-120,40.5633811950684,1525.71229609919,258.846441190892
-117.5,40.5633811950684,1568.15395681152,262.998736445801
-115,40.5633811950684,1966.35341640439,291.88333515346
-112.5,40.5633811950684,1533.47604326196,306.919904131784
-110,40.5633811950684,2296.16420258827,642.694012456213
-107.5,40.5633811950684,2252.41050452551,313.391887244823
-105,40.5633811950684,1772.84744715772,336.87048876297
-102.5,40.5633811950684,1187.84714544265,74.5889779463593
-100,40.5633811950684,760.851778800496,58.2240004813631
-97.5,40.5633811950684,482.510891784143,32.3704505258067
-95,40.5633811950684,328.129475530174,30.9703121108167
-92.5,40.5633811950684,259.049176097424,29.3885263368393
-90,40.5633811950684,185.274061452183,30.2643193923405
-87.5,40.5633811950684,208.801283456116,19.0178875455802
-85,40.5633811950684,272.58842002022,30.8549625185417
-82.5,40.5633811950684,331.586016673864,38.6544153145912
-80,40.5633811950684,342.732751775386,43.938283345188
-77.5,40.5633811950684,314.784183819686,132.491427944169
-75,40.5633811950684,136.363861883661,96.6409215372161
-122.5,41.8309860229492,1323.11781706987,414.579328822934
-120,41.8309860229492,1699.82225798955,227.546844487928
-117.5,41.8309860229492,1659.1414161442,246.957075432909
-115,41.8309860229492,1885.21451108053,267.15621170867
-112.5,41.8309860229492,1505.33405127169,231.943691340097
-110,41.8309860229492,2037.94812787424,116.633641050057
-107.5,41.8309860229492,2137.57532132277,129.153331563273
-105,41.8309860229492,1768.18391273809,298.22597567299
-102.5,41.8309860229492,1185.76841131733,49.303779997615
-100,41.8309860229492,825.516434827008,47.7481293910216
-97.5,41.8309860229492,504.595178236187,40.3285087392208
-95,41.8309860229492,396.263288123088,29.5234197992119
-92.5,41.8309860229492,272.234536895206,24.8856002498905
-90,41.8309860229492,216.89477321874,30.4868636915344
-85,41.8309860229492,289.038268878712,25.4392523847647
-80,41.8309860229492,363.833436142797,107.763910044415
-77.5,41.8309860229492,538.138711564164,103.648857585541
-75,41.8309860229492,478.683599558007,135.592306301328
-72.5,41.8309860229492,134.76000124408,91.515751328085
-70,41.8309860229492,-24.3098089804813,34.1407450655342
-122.5,43.0985908508301,1366.50948410967,397.909722248888
-120,43.0985908508301,1451.95559255672,104.667684074888
-117.5,43.0985908508301,1290.19017601919,164.855643228758
-115,43.0985908508301,1391.50585685998,414.934817768754
-112.5,43.0985908508301,1538.87534499475,206.194313951372
-110,43.0985908508301,2577.48062950384,408.454777493417
-107.5,43.0985908508301,1941.06673868061,225.86725250071
-105,43.0985908508301,1453.47774548821,112.862262436188
-102.5,43.0985908508301,1023.48459156728,109.37129863713
-100,43.0985908508301,700.835697128218,76.626417764002
-97.5,43.0985908508301,423.859199780759,41.1882595046508
-95,43.0985908508301,410.409693179986,28.0499817835269
-92.5,43.0985908508301,342.062359921865,35.2311893460691
-90,43.0985908508301,297.746781093618,41.0480423515458
-85,43.0985908508301,253.028930065647,25.3188156154387
-82.5,43.0985908508301,200.595683659103,25.284135597379
-77.5,43.0985908508301,185.35296253503,118.399471151002
-75,43.0985908508301,420.152213088642,148.497377939996
-72.5,43.0985908508301,380.916485010856,161.98702573952
-122.5,44.3661956787109,824.679404530648,321.50392079948
-120,44.3661956787109,1279.36951061211,301.934566251424
-117.5,44.3661956787109,1110.35277147764,280.07663735302
-115,44.3661956787109,2264.75990742794,322.818057192
-112.5,44.3661956787109,2014.71168877875,388.306557273828
-110,44.3661956787109,2654.67377469319,328.455264186831
-107.5,44.3661956787109,2014.50766023426,662.272739071257
-105,44.3661956787109,1317.60078817657,95.2420894590249
-102.5,44.3661956787109,806.943614295761,70.6925961250616
-100,44.3661956787109,544.75010298512,45.4241270278047
-97.5,44.3661956787109,496.476899129911,50.0226916646403
-95,44.3661956787109,338.467377382868,41.4046644962683
-92.5,44.3661956787109,321.388884782452,49.7127269374753
-90,44.3661956787109,325.539155742464,37.0450896683996
-85,44.3661956787109,346.678567121444,45.123183076416
-75,44.3661956787109,320.28239017118,175.928969732158
-72.5,44.3661956787109,404.406578771622,153.734527874201
-70,44.3661956787109,167.565868892417,108.029744598772
-122.5,45.6338043212891,381.218257563612,304.157896657058
-120,45.6338043212891,501.061041107164,276.089219272871
-117.5,45.6338043212891,1325.59944083294,406.358870936339
-115,45.6338043212891,1781.09308947148,407.04237487636
-112.5,45.6338043212891,1901.82981065867,348.875425412247
-110,45.6338043212891,1949.52183738422,590.940067574014
-107.5,45.6338043212891,1070.19110320946,160.747453537475
-105,45.6338043212891,989.629806854811,82.2707175688087
-102.5,45.6338043212891,795.810194856925,50.6062907835087
-100,45.6338043212891,571.627024419469,39.918383197132
-97.5,45.6338043212891,478.878784892289,87.4861174565443
-95,45.6338043212891,385.053261786231,29.0008246982534
-92.5,45.6338043212891,314.477532817997,38.9685645639373
-90,45.6338043212891,470.13643399594,26.3908467578578
-87.5,45.6338043212891,243.006648537828,57.8089666390569
-85,45.6338043212891,206.406369991714,43.276590272931
-70,45.6338043212891,464.398966501499,109.007359695362
-122.5,46.9014091491699,336.925093586442,298.402921477249
-120,46.9014091491699,543.367675149744,306.173555329872
-117.5,46.9014091491699,649.387556253623,147.469089840586
-115,46.9014091491699,1478.36871706749,304.916742553624
-112.5,46.9014091491699,1664.18318400043,298.79292607703
-110,46.9014091491699,1443.40500405622,284.618950967739
-107.5,46.9014091491699,912.00700443463,63.9635018406741
-105,46.9014091491699,796.524092404109,74.4894534035785
-102.5,46.9014091491699,725.477599200332,62.2982203550434
-100,46.9014091491699,577.069736781856,30.5209893542053
-97.5,46.9014091491699,343.958351800159,48.2158931374048
-95,46.9014091491699,438.19924085147,30.7021518048255
-92.5,46.9014091491699,382.945246185466,59.5779875447116
-120,48.1690139770508,838.037452003314,414.414481645477
-117.5,48.1690139770508,742.905362790752,167.398623701574
-115,48.1690139770508,1296.27256281876,260.725499415956
-112.5,48.1690139770508,1485.16927045038,341.833151716585
-110,48.1690139770508,982.003972783399,179.316689386252
-107.5,48.1690139770508,772.36554742481,49.3692444202908
-105,48.1690139770508,683.587197771631,54.4284192222993
-102.5,48.1690139770508,643.619429758529,54.4110408244599
-100,48.1690139770508,487.090452014985,16.7897099637732
-97.5,48.1690139770508,323.060446062813,70.2685098545657
-95,48.1690139770508,375.951740718696,21.8740614993583
-92.5,48.1690139770508,421.138411742508,21.8399720345088
