"lon","lat","mean_sea_dist_m"
-97.5,26.6197185516357,19375.3173122674
-82.5,27.8873233795166,18864.8008508614
-100,29.1549301147461,289040.200943126
-97.5,29.1549301147461,99201.7873052816
-82.5,29.1549301147461,36565.1256103816
-102.5,30.422534942627,567776.370673471
-100,30.422534942627,374166.74511007
-97.5,30.422534942627,209034.232291334
-95,30.422534942627,79224.7811484863
-92.5,30.422534942627,76937.2689196949
-90,30.422534942627,22985.0279678079
-87.5,30.422534942627,18424.6687332294
-85,30.422534942627,49217.3339166269
-82.5,30.422534942627,88613.8608383016
-110,31.6901416778564,296470.47513384
-105,31.6901416778564,683351.157445559
-102.5,31.6901416778564,649493.415805737
-100,31.6901416778564,464048.238599771
-97.5,31.6901416778564,323975.042345692
-95,31.6901416778564,214484.257618258
-92.5,31.6901416778564,211422.911058771
-90,31.6901416778564,148770.592974619
-87.5,31.6901416778564,120000.6017465
-85,31.6901416778564,167697.657680884
-82.5,31.6901416778564,114128.928984555
-115,32.9577445983887,120882.521128366
-112.5,32.9577445983887,195970.070579093
-110,32.9577445983887,350601.277301717
-107.5,32.9577445983887,560361.998999331
-105,32.9577445983887,772907.360844697
-102.5,32.9577445983887,733556.64213434
-100,32.9577445983887,572278.258828983
-97.5,32.9577445983887,432979.206388175
-95,32.9577445983887,350318.808247112
-92.5,32.9577445983887,345678.92743989
-90,32.9577445983887,288892.982234747
-87.5,32.9577445983887,257941.447924314
-85,32.9577445983887,299036.928558092
-82.5,32.9577445983887,169826.023692498
-80,32.9577445983887,28081.6627689473
-117.5,34.2253532409668,78019.2132837428
-115,34.2253532409668,242195.57362006
-112.5,34.2253532409668,320161.513020876
-110,34.2253532409668,444478.295549754
-107.5,34.2253532409668,621461.109674045
-105,34.2253532409668,827048.417120391
-102.5,34.2253532409668,829035.665132126
-100,34.2253532409668,687373.974230337
-97.5,34.2253532409668,555756.389169577
-95,34.2253532409668,486793.717398232
-92.5,34.2253532409668,476185.114344043
-90,34.2253532409668,427155.640124344
-87.5,34.2253532409668,397410.924869228
-85,34.2253532409668,420854.431000876
-82.5,34.2253532409668,255301.178498258
-80,34.2253532409668,116528.420385396
-120,35.4929580688477,74121.6717328531
-117.5,35.4929580688477,190199.313795818
-115,35.4929580688477,333687.465048688
-112.5,35.4929580688477,451014.736415996
-110,35.4929580688477,556742.423363269
-107.5,35.4929580688477,705068.72260488
-105,35.4929580688477,889201.855017725
-102.5,35.4929580688477,935249.501831475
-100,35.4929580688477,795494.734934907
-97.5,35.4929580688477,684614.412790118
-95,35.4929580688477,623959.885562218
-92.5,35.4929580688477,607767.796774313
-90,35.4929580688477,563180.215660522
-87.5,35.4929580688477,536610.374142901
-85,35.4929580688477,515374.766264576
-82.5,35.4929580688477,371289.413480802
-80,35.4929580688477,222144.50210317
-77.5,35.4929580688477,45827.8777481229
-120,36.7605628967285,151611.633383801
-117.5,36.7605628967285,316677.390890918
-115,36.7605628967285,438665.078068047
-112.5,36.7605628967285,582447.432185348
-110,36.7605628967285,675134.206191133
-107.5,36.7605628967285,805220.708871426
-105,36.7605628967285,968365.769224326
-102.5,36.7605628967285,1047523.17068404
-100,36.7605628967285,911845.685130112
-97.5,36.7605628967285,818203.7366833
-95,36.7605628967285,763353.573505667
-92.5,36.7605628967285,741868.334156985
-90,36.7605628967285,699839.714967631
-87.5,36.7605628967285,677359.364152802
-85,36.7605628967285,615740.968731068
-82.5,36.7605628967285,460479.55724914
-80,36.7605628967285,253863.880053019
-77.5,36.7605628967285,59245.7859412107
-122.5,38.0281677246094,13470.9536277796
-120,38.0281677246094,137613.985742502
-117.5,38.0281677246094,354317.603747301
-115,38.0281677246094,544641.982250157
-112.5,38.0281677246094,691375.725287467
-110,38.0281677246094,798286.6638433
-107.5,38.0281677246094,915948.147308917
-105,38.0281677246094,1060341.67781266
-102.5,38.0281677246094,1155373.03827567
-100,38.0281677246094,1034303.42832723
-97.5,38.0281677246094,953701.761168564
-95,38.0281677246094,903361.931451273
-92.5,38.0281677246094,877839.552021808
-90,38.0281677246094,836820.78272256
-87.5,38.0281677246094,817769.724852451
-85,38.0281677246094,673780.115189145
-82.5,38.0281677246094,456351.588527223
-80,38.0281677246094,239308.751809203
-77.5,38.0281677246094,36272.9722085845
-122.5,39.2957763671875,96655.1703276268
-120,39.2957763671875,193903.934296222
-117.5,39.2957763671875,377519.48586634
-115,39.2957763671875,584470.40496637
-112.5,39.2957763671875,787174.121389243
-110,39.2957763671875,925852.216369075
-107.5,39.2957763671875,1031633.46669739
-105,39.2957763671875,1162111.92551121
-102.5,39.2957763671875,1267979.18332011
-100,39.2957763671875,1161023.25219297
-97.5,39.2957763671875,1089620.70987903
-95,39.2957763671875,1043737.28416414
-92.5,39.2957763671875,1015281.6505183
-90,39.2957763671875,974972.085813231
-87.5,39.2957763671875,888055.310217818
-85,39.2957763671875,673740.234329569
-82.5,39.2957763671875,460307.493491607
-80,39.2957763671875,251236.516029978
-77.5,39.2957763671875,64072.6731847363
-75,39.2957763671875,13208.0132277024
-122.5,40.5633811950684,133839.246875017
-120,40.5633811950684,306932.152633678
-117.5,40.5633811950684,445834.378187188
-115,40.5633811950684,627950.347846576
-112.5,40.5633811950684,825996.128902299
-110,40.5633811950684,1027417.13342888
-107.5,40.5633811950684,1149117.2045227
-105,40.5633811950684,1270325.73218636
-102.5,40.5633811950684,1382034.04104963
-100,40.5633811950684,1289730.92579323
-97.5,40.5633811950684,1224171.07505368
-95,40.5633811950684,1183241.11525162
-92.5,40.5633811950684,1152576.09847441
-90,40.5633811950684,1099134.90080956
-87.5,40.5633811950684,904815.264625301
-85,40.5633811950684,699165.734089885
-82.5,40.5633811950684,500445.914962248
-80,40.5633811950684,316334.048482378
-77.5,40.5633811950684,162854.400047917
-75,40.5633811950684,53792.4957398226
-122.5,41.8309860229492,136874.831692878
-120,41.8309860229492,342319.35242868
-117.5,41.8309860229492,535524.035583978
-115,41.8309860229492,697959.371449668
-112.5,41.8309860229492,877322.233976348
-110,41.8309860229492,1068966.10143317
-107.5,41.8309860229492,1259652.13240796
-105,41.8309860229492,1383595.49548672
-102.5,41.8309860229492,1498128.88468244
-100,41.8309860229492,1421647.58761756
-97.5,41.8309860229492,1360108.99458346
-95,41.8309860229492,1324012.82146331
-92.5,41.8309860229492,1291051.75657481
-90,41.8309860229492,1140045.92050855
-85,41.8309860229492,749745.283184767
-80,41.8309860229492,407661.037519695
-77.5,41.8309860229492,278052.741406006
-75,41.8309860229492,112090.963770467
-72.5,41.8309860229492,56626.6661903526
-70,41.8309860229492,15801.69399407
-122.5,43.0985908508301,144142.416205774
-120,43.0985908508301,342084.012214431
-117.5,43.0985908508301,541912.197454666
-115,43.0985908508301,732978.817193
-112.5,43.0985908508301,904769.629478662
-110,43.0985908508301,1077580.73060681
-107.5,43.0985908508301,1255748.75800819
-105,43.0985908508301,1437369.82651384
-102.5,43.0985908508301,1600619.09895361
-100,43.0985908508301,1555137.59716952
-97.5,43.0985908508301,1497004.03342439
-95,43.0985908508301,1464899.43750201
-92.5,43.0985908508301,1375144.00207393
-90,43.0985908508301,1182605.91586844
-85,43.0985908508301,816255.657238149
-82.5,43.0985908508301,642802.032030196
-77.5,43.0985908508301,307789.347449991
-75,43.0985908508301,192924.65390073
-72.5,43.0985908508301,139189.669961367
-122.5,44.3661956787109,124872.222958963
-120,44.3661956787109,314619.980643211
-117.5,44.3661956787109,491162.80330537
-115,44.3661956787109,661190.74133071
-112.5,44.3661956787109,833624.089200426
-110,44.3661956787109,1013456.42558419
-107.5,44.3661956787109,1197229.31893638
-105,44.3661956787109,1383228.26315178
-102.5,44.3661956787109,1569693.42826829
-100,44.3661956787109,1687535.66154803
-97.5,44.3661956787109,1634649.49148361
-95,44.3661956787109,1586751.84603014
-92.5,44.3661956787109,1405493.13607053
-90,44.3661956787109,1210917.32203915
-85,44.3661956787109,817895.252980611
-75,44.3661956787109,78617.2201234385
-72.5,44.3661956787109,140885.420504898
-70,44.3661956787109,50808.4843691352
-122.5,45.6338043212891,83953.2301808166
-120,45.6338043212891,254413.104082251
-117.5,45.6338043212891,420622.856286187
-115,45.6338043212891,596613.367680061
-112.5,45.6338043212891,779729.587941902
-110,45.6338043212891,965761.637808733
-107.5,45.6338043212891,1152030.03955821
-105,45.6338043212891,1337487.21782368
-102.5,45.6338043212891,1523179.3666879
-100,45.6338043212891,1709220.64419913
-97.5,45.6338043212891,1759209.62568913
-95,45.6338043212891,1586226.94734429
-92.5,45.6338043212891,1392177.49286428
-90,45.6338043212891,1197872.71731801
-87.5,45.6338043212891,1003410.69712731
-85,45.6338043212891,808936.41020805
-70,45.6338043212891,130474.59784083
-122.5,46.9014091491699,34574.6710155796
-120,46.9014091491699,188625.352961082
-117.5,46.9014091491699,372352.943926041
-115,46.9014091491699,558264.666169577
-112.5,46.9014091491699,743987.073961115
-110,46.9014091491699,929486.660370766
-107.5,46.9014091491699,1115438.37675231
-105,46.9014091491699,1301528.67804436
-102.5,46.9014091491699,1487546.6483854
-100,46.9014091491699,1673352.37148817
-97.5,46.9014091491699,1770732.99817073
-95,46.9014091491699,1580635.86113778
-92.5,46.9014091491699,1390579.75311453
-120,48.1690139770508,170844.184499541
-117.5,48.1690139770508,354634.004308778
-115,48.1690139770508,539723.947027224
-112.5,48.1690139770508,725003.865069419
-110,48.1690139770508,910221.257348932
-107.5,48.1690139770508,1095260.79720679
-105,48.1690139770508,1280044.82308033
-102.5,48.1690139770508,1464509.23389086
-100,48.1690139770508,1648595.57035717
-97.5,48.1690139770508,1771695.48784266
-95,48.1690139770508,1587402.81236727
-92.5,48.1690139770508,1403066.13935166
